{
  "sid": 1,
  "image_size": [
    1280,
    720
  ],
  "board": [
    7,
    7
  ],
  "square_mm": 25.0,
  "rms": 0.3213204853631274,
  "K": [
    [
      826.4549920687908,
      0.0,
      662.4537460105088
    ],
    [
      0.0,
      825.3912523086728,
      397.37891228596584
    ],
    [
      0.0,
      0.0,
      1.0
    ]
  ],
  "D": [
    -0.05266380508764043,
    -0.018314959089425542,
    0.12213800299010667,
    -0.13154050858380328
  ],
  "hfov_deg": 88.04186923170555,
  "n_views": 20
}