{
  "sid": 0,
  "image_size": [
    1280,
    720
  ],
  "board": [
    7,
    7
  ],
  "square_mm": 25.0,
  "rms": 0.2568551416041933,
  "K": [
    [
      767.9405542125359,
      0.0,
      667.1759235601683
    ],
    [
      0.0,
      767.6415632291341,
      316.8668406332634
    ],
    [
      0.0,
      0.0,
      1.0
    ]
  ],
  "D": [
    -0.03638387714180847,
    0.031998889829992716,
    -0.04994587930706117,
    0.0207055746551263
  ],
  "hfov_deg": 93.3142971577135,
  "n_views": 20
}