{
  "camera": "front_left",
  "sid": 1,
  "image_size": [
    1280,
    720
  ],
  "K": [
    [
      826.4549920687908,
      0.0,
      662.4537460105088
    ],
    [
      0.0,
      825.3912523086728,
      397.37891228596584
    ],
    [
      0.0,
      0.0,
      1.0
    ]
  ],
  "D": [
    -0.05266380508764043,
    -0.018314959089425542,
    0.12213800299010667,
    -0.13154050858380328
  ],
  "balance": 0.0,
  "newK": [
    [
      858.6042200356968,
      0.0,
      640.0
    ],
    [
      0.0,
      858.6042200356968,
      360.0
    ],
    [
      0.0,
      0.0,
      1.0
    ]
  ],
  "rect_hfov_deg": 73.40138456519787,
  "rect_vfov_deg": 45.49516119820496,
  "rms": 0.3213204853631274,
  "centered": true,
  "black_frac": 0.0007682291666666666
}