{
  "camera": "front_right",
  "sid": 0,
  "image_size": [
    1280,
    720
  ],
  "K": [
    [
      767.9405542125359,
      0.0,
      667.1759235601683
    ],
    [
      0.0,
      767.6415632291341,
      316.8668406332634
    ],
    [
      0.0,
      0.0,
      1.0
    ]
  ],
  "D": [
    -0.03638387714180847,
    0.031998889829992716,
    -0.04994587930706117,
    0.0207055746551263
  ],
  "balance": 0.0,
  "newK": [
    [
      824.3158832262169,
      0.0,
      640.0
    ],
    [
      0.0,
      824.3158832262169,
      360.0
    ],
    [
      0.0,
      0.0,
      1.0
    ]
  ],
  "rect_hfov_deg": 75.65162874528673,
  "rect_vfov_deg": 47.1842687890327,
  "rms": 0.2568551416041933,
  "centered": true,
  "black_frac": 0.0
}